Wyckoff pos.|2a(222)|2a(222)|2a(222)|2a(222)|2b(222)|2b(222)|2b(222)|2b(222)|2c(222)|2c(222)|2c(222)|2c(222)|2d(222)|2d(222)|2d(222)|2d(222)|2e(-4)|2e(-4)|2e(-4)|2e(-4)|2f(-4)|2f(-4)|2f(-4)|2f(-4)|2e(-4)|2e(-4)|2e(-4)|2e(-4)|2f(-4)|2f(-4)|2f(-4)|2f(-4)
Band-Rep.|A↑G(2)|B₁↑G(2)|B₂↑G(2)|B₃↑G(2)|A↑G(2)|B₁↑G(2)|B₂↑G(2)|B₃↑G(2)|A↑G(2)|B₁↑G(2)|B₂↑G(2)|B₃↑G(2)|A↑G(2)|B₁↑G(2)|B₂↑G(2)|B₃↑G(2)|A↑G(2)|B↑G(2)|¹E↑G(2)|²E↑G(2)|A↑G(2)|B↑G(2)|¹E↑G(2)|²E↑G(2)|¹E₁ˢ↑G(2)|¹E₂ˢ↑G(2)|²E₁ˢ↑G(2)|²E₂ˢ↑G(2)|¹E₁ˢ↑G(2)|¹E₂ˢ↑G(2)|²E₁ˢ↑G(2)|²E₂ˢ↑G(2)
Decomposable|false|false|false|false|false|false|false|false|false|false|false|false|false|false|false|false|false|false|false|false|false|false|false|false|false|false|false|false|false|false|false|false
A:(1/2,1/2,1/2)|A₅(2)|A₅(2)|A₃(1)⊕A₄(1)|A₁(1)⊕A₂(1)|A₁(1)⊕A₂(1)|A₃(1)⊕A₄(1)|A₅(2)|A₅(2)|A₅(2)|A₅(2)|A₁(1)⊕A₂(1)|A₃(1)⊕A₄(1)|A₃(1)⊕A₄(1)|A₁(1)⊕A₂(1)|A₅(2)|A₅(2)|A₅(2)|A₅(2)|A₁(1)⊕A₄(1)|A₂(1)⊕A₃(1)|A₅(2)|A₅(2)|A₂(1)⊕A₃(1)|A₁(1)⊕A₄(1)|A₆ˢ(2)|A₇ˢ(2)|A₇ˢ(2)|A₆ˢ(2)|A₇ˢ(2)|A₆ˢ(2)|A₆ˢ(2)|A₇ˢ(2)
Γ:(0,0,0)|Γ₁(1)⊕Γ₂(1)|Γ₃(1)⊕Γ₄(1)|Γ₅(2)|Γ₅(2)|Γ₁(1)⊕Γ₂(1)|Γ₃(1)⊕Γ₄(1)|Γ₅(2)|Γ₅(2)|Γ₁(1)⊕Γ₂(1)|Γ₃(1)⊕Γ₄(1)|Γ₅(2)|Γ₅(2)|Γ₁(1)⊕Γ₂(1)|Γ₃(1)⊕Γ₄(1)|Γ₅(2)|Γ₅(2)|Γ₁(1)⊕Γ₄(1)|Γ₂(1)⊕Γ₃(1)|Γ₅(2)|Γ₅(2)|Γ₁(1)⊕Γ₄(1)|Γ₂(1)⊕Γ₃(1)|Γ₅(2)|Γ₅(2)|Γ₇ˢ(2)|Γ₆ˢ(2)|Γ₇ˢ(2)|Γ₆ˢ(2)|Γ₇ˢ(2)|Γ₆ˢ(2)|Γ₇ˢ(2)|Γ₆ˢ(2)
M:(1/2,1/2,0)|M₁(1)⊕M₂(1)|M₃(1)⊕M₄(1)|M₅(2)|M₅(2)|M₅(2)|M₅(2)|M₃(1)⊕M₄(1)|M₁(1)⊕M₂(1)|M₃(1)⊕M₄(1)|M₁(1)⊕M₂(1)|M₅(2)|M₅(2)|M₅(2)|M₅(2)|M₁(1)⊕M₂(1)|M₃(1)⊕M₄(1)|M₁(1)⊕M₄(1)|M₂(1)⊕M₃(1)|M₅(2)|M₅(2)|M₂(1)⊕M₃(1)|M₁(1)⊕M₄(1)|M₅(2)|M₅(2)|M₇ˢ(2)|M₆ˢ(2)|M₇ˢ(2)|M₆ˢ(2)|M₆ˢ(2)|M₇ˢ(2)|M₆ˢ(2)|M₇ˢ(2)
Z:(0,0,1/2)|Z₅(2)|Z₅(2)|Z₃(1)⊕Z₄(1)|Z₁(1)⊕Z₂(1)|Z₅(2)|Z₅(2)|Z₃(1)⊕Z₄(1)|Z₁(1)⊕Z₂(1)|Z₅(2)|Z₅(2)|Z₃(1)⊕Z₄(1)|Z₁(1)⊕Z₂(1)|Z₅(2)|Z₅(2)|Z₃(1)⊕Z₄(1)|Z₁(1)⊕Z₂(1)|Z₅(2)|Z₅(2)|Z₁(1)⊕Z₄(1)|Z₂(1)⊕Z₃(1)|Z₅(2)|Z₅(2)|Z₁(1)⊕Z₄(1)|Z₂(1)⊕Z₃(1)|Z₆ˢ(2)|Z₇ˢ(2)|Z₇ˢ(2)|Z₆ˢ(2)|Z₆ˢ(2)|Z₇ˢ(2)|Z₇ˢ(2)|Z₆ˢ(2)
R:(0,1/2,1/2)|R₁(1)⊕R₂(1)|R₁(1)⊕R₂(1)|2R₄(1)|2R₃(1)|R₁(1)⊕R₃(1)|R₂(1)⊕R₄(1)|R₁(1)⊕R₄(1)|R₂(1)⊕R₃(1)|R₃(1)⊕R₄(1)|R₃(1)⊕R₄(1)|2R₁(1)|2R₂(1)|R₂(1)⊕R₄(1)|R₁(1)⊕R₃(1)|R₁(1)⊕R₄(1)|R₂(1)⊕R₃(1)|R₁(1)⊕R₂(1)|R₁(1)⊕R₂(1)|R₃(1)⊕R₄(1)|R₃(1)⊕R₄(1)|R₃(1)⊕R₄(1)|R₃(1)⊕R₄(1)|R₁(1)⊕R₂(1)|R₁(1)⊕R₂(1)|R₅ˢ(2)|R₅ˢ(2)|R₅ˢ(2)|R₅ˢ(2)|R₅ˢ(2)|R₅ˢ(2)|R₅ˢ(2)|R₅ˢ(2)
X:(0,1/2,0)|2X₁(1)|2X₂(1)|X₃(1)⊕X₄(1)|X₃(1)⊕X₄(1)|X₁(1)⊕X₄(1)|X₂(1)⊕X₃(1)|X₂(1)⊕X₄(1)|X₁(1)⊕X₃(1)|2X₄(1)|2X₃(1)|X₁(1)⊕X₂(1)|X₁(1)⊕X₂(1)|X₁(1)⊕X₄(1)|X₂(1)⊕X₃(1)|X₁(1)⊕X₃(1)|X₂(1)⊕X₄(1)|X₁(1)⊕X₂(1)|X₁(1)⊕X₂(1)|X₃(1)⊕X₄(1)|X₃(1)⊕X₄(1)|X₃(1)⊕X₄(1)|X₃(1)⊕X₄(1)|X₁(1)⊕X₂(1)|X₁(1)⊕X₂(1)|X₅ˢ(2)|X₅ˢ(2)|X₅ˢ(2)|X₅ˢ(2)|X₅ˢ(2)|X₅ˢ(2)|X₅ˢ(2)|X₅ˢ(2)
Λ:(0,0,w)|Λ₁(1)⊕Λ₂(1)|Λ₁(1)⊕Λ₂(1)|Λ₃(1)⊕Λ₄(1)|Λ₃(1)⊕Λ₄(1)|Λ₁(1)⊕Λ₂(1)|Λ₁(1)⊕Λ₂(1)|Λ₃(1)⊕Λ₄(1)|Λ₃(1)⊕Λ₄(1)|Λ₁(1)⊕Λ₂(1)|Λ₁(1)⊕Λ₂(1)|Λ₃(1)⊕Λ₄(1)|Λ₃(1)⊕Λ₄(1)|Λ₁(1)⊕Λ₂(1)|Λ₁(1)⊕Λ₂(1)|Λ₃(1)⊕Λ₄(1)|Λ₃(1)⊕Λ₄(1)|Λ₁(1)⊕Λ₂(1)|Λ₁(1)⊕Λ₂(1)|Λ₃(1)⊕Λ₄(1)|Λ₃(1)⊕Λ₄(1)|Λ₁(1)⊕Λ₂(1)|Λ₁(1)⊕Λ₂(1)|Λ₃(1)⊕Λ₄(1)|Λ₃(1)⊕Λ₄(1)|Λ₅ˢ(2)|Λ₅ˢ(2)|Λ₅ˢ(2)|Λ₅ˢ(2)|Λ₅ˢ(2)|Λ₅ˢ(2)|Λ₅ˢ(2)|Λ₅ˢ(2)
V:(1/2,1/2,w)|V₁(1)⊕V₂(1)|V₁(1)⊕V₂(1)|V₃(1)⊕V₄(1)|V₃(1)⊕V₄(1)|V₃(1)⊕V₄(1)|V₃(1)⊕V₄(1)|V₁(1)⊕V₂(1)|V₁(1)⊕V₂(1)|V₁(1)⊕V₂(1)|V₁(1)⊕V₂(1)|V₃(1)⊕V₄(1)|V₃(1)⊕V₄(1)|V₃(1)⊕V₄(1)|V₃(1)⊕V₄(1)|V₁(1)⊕V₂(1)|V₁(1)⊕V₂(1)|V₁(1)⊕V₂(1)|V₁(1)⊕V₂(1)|V₃(1)⊕V₄(1)|V₃(1)⊕V₄(1)|V₁(1)⊕V₂(1)|V₁(1)⊕V₂(1)|V₃(1)⊕V₄(1)|V₃(1)⊕V₄(1)|V₅ˢ(2)|V₅ˢ(2)|V₅ˢ(2)|V₅ˢ(2)|V₅ˢ(2)|V₅ˢ(2)|V₅ˢ(2)|V₅ˢ(2)
C:(u,u,w)|C₁(1)⊕C₂(1)|C₁(1)⊕C₂(1)|C₁(1)⊕C₂(1)|C₁(1)⊕C₂(1)|C₁(1)⊕C₂(1)|C₁(1)⊕C₂(1)|C₁(1)⊕C₂(1)|C₁(1)⊕C₂(1)|C₁(1)⊕C₂(1)|C₁(1)⊕C₂(1)|C₁(1)⊕C₂(1)|C₁(1)⊕C₂(1)|C₁(1)⊕C₂(1)|C₁(1)⊕C₂(1)|C₁(1)⊕C₂(1)|C₁(1)⊕C₂(1)|C₁(1)⊕C₂(1)|C₁(1)⊕C₂(1)|C₁(1)⊕C₂(1)|C₁(1)⊕C₂(1)|C₁(1)⊕C₂(1)|C₁(1)⊕C₂(1)|C₁(1)⊕C₂(1)|C₁(1)⊕C₂(1)|C₃ˢ(1)⊕C₄ˢ(1)|C₃ˢ(1)⊕C₄ˢ(1)|C₃ˢ(1)⊕C₄ˢ(1)|C₃ˢ(1)⊕C₄ˢ(1)|C₃ˢ(1)⊕C₄ˢ(1)|C₃ˢ(1)⊕C₄ˢ(1)|C₃ˢ(1)⊕C₄ˢ(1)|C₃ˢ(1)⊕C₄ˢ(1)
Δ:(0,v,0)|2Δ₁(1)|2Δ₂(1)|Δ₁(1)⊕Δ₂(1)|Δ₁(1)⊕Δ₂(1)|2Δ₁(1)|2Δ₂(1)|Δ₁(1)⊕Δ₂(1)|Δ₁(1)⊕Δ₂(1)|2Δ₁(1)|2Δ₂(1)|Δ₁(1)⊕Δ₂(1)|Δ₁(1)⊕Δ₂(1)|2Δ₁(1)|2Δ₂(1)|Δ₁(1)⊕Δ₂(1)|Δ₁(1)⊕Δ₂(1)|Δ₁(1)⊕Δ₂(1)|Δ₁(1)⊕Δ₂(1)|Δ₁(1)⊕Δ₂(1)|Δ₁(1)⊕Δ₂(1)|Δ₁(1)⊕Δ₂(1)|Δ₁(1)⊕Δ₂(1)|Δ₁(1)⊕Δ₂(1)|Δ₁(1)⊕Δ₂(1)|Δ₃ˢ(1)⊕Δ₄ˢ(1)|Δ₃ˢ(1)⊕Δ₄ˢ(1)|Δ₃ˢ(1)⊕Δ₄ˢ(1)|Δ₃ˢ(1)⊕Δ₄ˢ(1)|Δ₃ˢ(1)⊕Δ₄ˢ(1)|Δ₃ˢ(1)⊕Δ₄ˢ(1)|Δ₃ˢ(1)⊕Δ₄ˢ(1)|Δ₃ˢ(1)⊕Δ₄ˢ(1)
S:(u,u,1/2)|S₁(1)⊕S₂(1)|S₁(1)⊕S₂(1)|S₁(1)⊕S₂(1)|S₁(1)⊕S₂(1)|S₁(1)⊕S₂(1)|S₁(1)⊕S₂(1)|S₁(1)⊕S₂(1)|S₁(1)⊕S₂(1)|S₁(1)⊕S₂(1)|S₁(1)⊕S₂(1)|S₁(1)⊕S₂(1)|S₁(1)⊕S₂(1)|S₁(1)⊕S₂(1)|S₁(1)⊕S₂(1)|S₁(1)⊕S₂(1)|S₁(1)⊕S₂(1)|S₁(1)⊕S₂(1)|S₁(1)⊕S₂(1)|S₁(1)⊕S₂(1)|S₁(1)⊕S₂(1)|S₁(1)⊕S₂(1)|S₁(1)⊕S₂(1)|S₁(1)⊕S₂(1)|S₁(1)⊕S₂(1)|S₃ˢ(1)⊕S₄ˢ(1)|S₃ˢ(1)⊕S₄ˢ(1)|S₃ˢ(1)⊕S₄ˢ(1)|S₃ˢ(1)⊕S₄ˢ(1)|S₃ˢ(1)⊕S₄ˢ(1)|S₃ˢ(1)⊕S₄ˢ(1)|S₃ˢ(1)⊕S₄ˢ(1)|S₃ˢ(1)⊕S₄ˢ(1)
Σ:(u,u,0)|Σ₁(1)⊕Σ₂(1)|Σ₁(1)⊕Σ₂(1)|Σ₁(1)⊕Σ₂(1)|Σ₁(1)⊕Σ₂(1)|Σ₁(1)⊕Σ₂(1)|Σ₁(1)⊕Σ₂(1)|Σ₁(1)⊕Σ₂(1)|Σ₁(1)⊕Σ₂(1)|Σ₁(1)⊕Σ₂(1)|Σ₁(1)⊕Σ₂(1)|Σ₁(1)⊕Σ₂(1)|Σ₁(1)⊕Σ₂(1)|Σ₁(1)⊕Σ₂(1)|Σ₁(1)⊕Σ₂(1)|Σ₁(1)⊕Σ₂(1)|Σ₁(1)⊕Σ₂(1)|Σ₁(1)⊕Σ₂(1)|Σ₁(1)⊕Σ₂(1)|Σ₁(1)⊕Σ₂(1)|Σ₁(1)⊕Σ₂(1)|Σ₁(1)⊕Σ₂(1)|Σ₁(1)⊕Σ₂(1)|Σ₁(1)⊕Σ₂(1)|Σ₁(1)⊕Σ₂(1)|Σ₃ˢ(1)⊕Σ₄ˢ(1)|Σ₃ˢ(1)⊕Σ₄ˢ(1)|Σ₃ˢ(1)⊕Σ₄ˢ(1)|Σ₃ˢ(1)⊕Σ₄ˢ(1)|Σ₃ˢ(1)⊕Σ₄ˢ(1)|Σ₃ˢ(1)⊕Σ₄ˢ(1)|Σ₃ˢ(1)⊕Σ₄ˢ(1)|Σ₃ˢ(1)⊕Σ₄ˢ(1)
T:(u,1/2,1/2)|T₁(1)⊕T₂(1)|T₁(1)⊕T₂(1)|2T₂(1)|2T₁(1)|2T₁(1)|2T₂(1)|T₁(1)⊕T₂(1)|T₁(1)⊕T₂(1)|T₁(1)⊕T₂(1)|T₁(1)⊕T₂(1)|2T₁(1)|2T₂(1)|2T₂(1)|2T₁(1)|T₁(1)⊕T₂(1)|T₁(1)⊕T₂(1)|T₁(1)⊕T₂(1)|T₁(1)⊕T₂(1)|T₁(1)⊕T₂(1)|T₁(1)⊕T₂(1)|T₁(1)⊕T₂(1)|T₁(1)⊕T₂(1)|T₁(1)⊕T₂(1)|T₁(1)⊕T₂(1)|T₃ˢ(1)⊕T₄ˢ(1)|T₃ˢ(1)⊕T₄ˢ(1)|T₃ˢ(1)⊕T₄ˢ(1)|T₃ˢ(1)⊕T₄ˢ(1)|T₃ˢ(1)⊕T₄ˢ(1)|T₃ˢ(1)⊕T₄ˢ(1)|T₃ˢ(1)⊕T₄ˢ(1)|T₃ˢ(1)⊕T₄ˢ(1)
U:(0,v,1/2)|U₁(1)⊕U₂(1)|U₁(1)⊕U₂(1)|2U₁(1)|2U₂(1)|U₁(1)⊕U₂(1)|U₁(1)⊕U₂(1)|2U₁(1)|2U₂(1)|U₁(1)⊕U₂(1)|U₁(1)⊕U₂(1)|2U₁(1)|2U₂(1)|U₁(1)⊕U₂(1)|U₁(1)⊕U₂(1)|2U₁(1)|2U₂(1)|U₁(1)⊕U₂(1)|U₁(1)⊕U₂(1)|U₁(1)⊕U₂(1)|U₁(1)⊕U₂(1)|U₁(1)⊕U₂(1)|U₁(1)⊕U₂(1)|U₁(1)⊕U₂(1)|U₁(1)⊕U₂(1)|U₃ˢ(1)⊕U₄ˢ(1)|U₃ˢ(1)⊕U₄ˢ(1)|U₃ˢ(1)⊕U₄ˢ(1)|U₃ˢ(1)⊕U₄ˢ(1)|U₃ˢ(1)⊕U₄ˢ(1)|U₃ˢ(1)⊕U₄ˢ(1)|U₃ˢ(1)⊕U₄ˢ(1)|U₃ˢ(1)⊕U₄ˢ(1)
W:(0,1/2,w)|2W₁(1)|2W₁(1)|2W₂(1)|2W₂(1)|W₁(1)⊕W₂(1)|W₁(1)⊕W₂(1)|W₁(1)⊕W₂(1)|W₁(1)⊕W₂(1)|2W₂(1)|2W₂(1)|2W₁(1)|2W₁(1)|W₁(1)⊕W₂(1)|W₁(1)⊕W₂(1)|W₁(1)⊕W₂(1)|W₁(1)⊕W₂(1)|2W₁(1)|2W₁(1)|2W₂(1)|2W₂(1)|2W₂(1)|2W₂(1)|2W₁(1)|2W₁(1)|W₃ˢ(1)⊕W₄ˢ(1)|W₃ˢ(1)⊕W₄ˢ(1)|W₃ˢ(1)⊕W₄ˢ(1)|W₃ˢ(1)⊕W₄ˢ(1)|W₃ˢ(1)⊕W₄ˢ(1)|W₃ˢ(1)⊕W₄ˢ(1)|W₃ˢ(1)⊕W₄ˢ(1)|W₃ˢ(1)⊕W₄ˢ(1)
Y:(u,1/2,0)|2Y₁(1)|2Y₂(1)|Y₁(1)⊕Y₂(1)|Y₁(1)⊕Y₂(1)|Y₁(1)⊕Y₂(1)|Y₁(1)⊕Y₂(1)|2Y₂(1)|2Y₁(1)|2Y₂(1)|2Y₁(1)|Y₁(1)⊕Y₂(1)|Y₁(1)⊕Y₂(1)|Y₁(1)⊕Y₂(1)|Y₁(1)⊕Y₂(1)|2Y₁(1)|2Y₂(1)|Y₁(1)⊕Y₂(1)|Y₁(1)⊕Y₂(1)|Y₁(1)⊕Y₂(1)|Y₁(1)⊕Y₂(1)|Y₁(1)⊕Y₂(1)|Y₁(1)⊕Y₂(1)|Y₁(1)⊕Y₂(1)|Y₁(1)⊕Y₂(1)|Y₃ˢ(1)⊕Y₄ˢ(1)|Y₃ˢ(1)⊕Y₄ˢ(1)|Y₃ˢ(1)⊕Y₄ˢ(1)|Y₃ˢ(1)⊕Y₄ˢ(1)|Y₃ˢ(1)⊕Y₄ˢ(1)|Y₃ˢ(1)⊕Y₄ˢ(1)|Y₃ˢ(1)⊕Y₄ˢ(1)|Y₃ˢ(1)⊕Y₄ˢ(1)
B:(0,v,w)|2B₁(1)|2B₁(1)|2B₁(1)|2B₁(1)|2B₁(1)|2B₁(1)|2B₁(1)|2B₁(1)|2B₁(1)|2B₁(1)|2B₁(1)|2B₁(1)|2B₁(1)|2B₁(1)|2B₁(1)|2B₁(1)|2B₁(1)|2B₁(1)|2B₁(1)|2B₁(1)|2B₁(1)|2B₁(1)|2B₁(1)|2B₁(1)|2B₂ˢ(1)|2B₂ˢ(1)|2B₂ˢ(1)|2B₂ˢ(1)|2B₂ˢ(1)|2B₂ˢ(1)|2B₂ˢ(1)|2B₂ˢ(1)
D:(u,v,0)|2D₁(1)|2D₁(1)|2D₁(1)|2D₁(1)|2D₁(1)|2D₁(1)|2D₁(1)|2D₁(1)|2D₁(1)|2D₁(1)|2D₁(1)|2D₁(1)|2D₁(1)|2D₁(1)|2D₁(1)|2D₁(1)|2D₁(1)|2D₁(1)|2D₁(1)|2D₁(1)|2D₁(1)|2D₁(1)|2D₁(1)|2D₁(1)|2D₂ˢ(1)|2D₂ˢ(1)|2D₂ˢ(1)|2D₂ˢ(1)|2D₂ˢ(1)|2D₂ˢ(1)|2D₂ˢ(1)|2D₂ˢ(1)
E:(u,v,1/2)|2E₁(1)|2E₁(1)|2E₁(1)|2E₁(1)|2E₁(1)|2E₁(1)|2E₁(1)|2E₁(1)|2E₁(1)|2E₁(1)|2E₁(1)|2E₁(1)|2E₁(1)|2E₁(1)|2E₁(1)|2E₁(1)|2E₁(1)|2E₁(1)|2E₁(1)|2E₁(1)|2E₁(1)|2E₁(1)|2E₁(1)|2E₁(1)|2E₂ˢ(1)|2E₂ˢ(1)|2E₂ˢ(1)|2E₂ˢ(1)|2E₂ˢ(1)|2E₂ˢ(1)|2E₂ˢ(1)|2E₂ˢ(1)
F:(u,1/2,w)|2F₁(1)|2F₁(1)|2F₁(1)|2F₁(1)|2F₁(1)|2F₁(1)|2F₁(1)|2F₁(1)|2F₁(1)|2F₁(1)|2F₁(1)|2F₁(1)|2F₁(1)|2F₁(1)|2F₁(1)|2F₁(1)|2F₁(1)|2F₁(1)|2F₁(1)|2F₁(1)|2F₁(1)|2F₁(1)|2F₁(1)|2F₁(1)|2F₂ˢ(1)|2F₂ˢ(1)|2F₂ˢ(1)|2F₂ˢ(1)|2F₂ˢ(1)|2F₂ˢ(1)|2F₂ˢ(1)|2F₂ˢ(1)
Ω:(u,v,w)|2Ω₁(1)|2Ω₁(1)|2Ω₁(1)|2Ω₁(1)|2Ω₁(1)|2Ω₁(1)|2Ω₁(1)|2Ω₁(1)|2Ω₁(1)|2Ω₁(1)|2Ω₁(1)|2Ω₁(1)|2Ω₁(1)|2Ω₁(1)|2Ω₁(1)|2Ω₁(1)|2Ω₁(1)|2Ω₁(1)|2Ω₁(1)|2Ω₁(1)|2Ω₁(1)|2Ω₁(1)|2Ω₁(1)|2Ω₁(1)|2Ω₂ˢ(1)|2Ω₂ˢ(1)|2Ω₂ˢ(1)|2Ω₂ˢ(1)|2Ω₂ˢ(1)|2Ω₂ˢ(1)|2Ω₂ˢ(1)|2Ω₂ˢ(1)